{
  "id": "kctg-5e",
  "title": "Kris's Compendium of Trade Goods - DnD5e edition",
  "description": "<i>A comprehensive database of trade goods aimed at enhancing worldbuilding efforts by facilitating the distribution of resources and bringing depth to various regions, while also catering to political interests</i><br /><br /> *** Support me on <a href=\"https://patreon.com/KCTG\" title=\"PATREON\">Patreon</a> or join me on <a href=\"https://discord.gg/MYgCWdAc9c\" title=\"Discord\">Discord</a> ***<p></p>",
  "version": "1.9.0",
  "compatibility": {
    "minimum": "11",
    "verified": "12.331",
    "maximum": "12"
  },
  "esmodules": [
    "kctg-5e.js"
  ],
  "styles": [
    "styles/main.css"
  ],
  "authors": [
    {
      "name": "kristkos",
      "discord": "kristkos",
      "url": "https://patreon.com/KCTG",
      "flags": {}
    }
  ],
  "media": [
    {
        "type": "setup",
        "caption": "Kris's Compendium of Trade Goods",
        "thumbnail": "modules/kctg-5e/banner/Thumb.webp"
    }],
  "packs": [
    {
      "name": "kctg-dnd5e",
      "label": "DnD5e - KCTG",
      "path": "packs/kctg-dnd5e",
      "type": "Item",
      "ownership": {
        "PLAYER": "OBSERVER",
        "ASSISTANT": "OWNER"
      },
      "banner": "modules/kctg-5e/banner/Banner.webp",
      "system": "dnd5e",
      "flags": {}
    }
  ],
  "download": "https://github.com/kristkos/KCTG-5e/releases/download/1.9.0/kctg-5e.zip",
  "manifest": "https://raw.githubusercontent.com/kristkos/KCTG-5e/main/module.json"
}